风扇端,fault_level_1,FAULT,fault_level_1,属于
风扇端_滚动体,fault_level_2,风扇端,fault_level_1,属于
风扇端_滚动体_深度7,fault_level_3,风扇端_滚动体,fault_level_2,属于
风扇端_滚动体_深度7_载荷0,fault_level_4,风扇端_滚动体_深度7,fault_level_3,属于
风扇端_滚动体_深度7_载荷0_点钟3,fault_level_5,风扇端_滚动体_深度7_载荷0,fault_level_4,属于
风扇端_滚动体_深度7_载荷0_点钟6,fault_level_5,风扇端_滚动体_深度7_载荷0,fault_level_4,属于
风扇端_滚动体_深度7_载荷0_点钟12,fault_level_5,风扇端_滚动体_深度7_载荷0,fault_level_4,属于
风扇端_滚动体_深度7_载荷1,fault_level_4,风扇端_滚动体_深度7,fault_level_3,属于
风扇端_滚动体_深度7_载荷1_点钟3,fault_level_5,风扇端_滚动体_深度7_载荷1,fault_level_4,属于
风扇端_滚动体_深度7_载荷1_点钟6,fault_level_5,风扇端_滚动体_深度7_载荷1,fault_level_4,属于
风扇端_滚动体_深度7_载荷1_点钟12,fault_level_5,风扇端_滚动体_深度7_载荷1,fault_level_4,属于
风扇端_滚动体_深度7_载荷2,fault_level_4,风扇端_滚动体_深度7,fault_level_3,属于
风扇端_滚动体_深度7_载荷2_点钟3,fault_level_5,风扇端_滚动体_深度7_载荷2,fault_level_4,属于
风扇端_滚动体_深度7_载荷2_点钟6,fault_level_5,风扇端_滚动体_深度7_载荷2,fault_level_4,属于
风扇端_滚动体_深度7_载荷2_点钟12,fault_level_5,风扇端_滚动体_深度7_载荷2,fault_level_4,属于
风扇端_滚动体_深度7_载荷3,fault_level_4,风扇端_滚动体_深度7,fault_level_3,属于
风扇端_滚动体_深度7_载荷3_点钟3,fault_level_5,风扇端_滚动体_深度7_载荷3,fault_level_4,属于
风扇端_滚动体_深度7_载荷3_点钟6,fault_level_5,风扇端_滚动体_深度7_载荷3,fault_level_4,属于
风扇端_滚动体_深度7_载荷3_点钟12,fault_level_5,风扇端_滚动体_深度7_载荷3,fault_level_4,属于
风扇端_滚动体_深度14,fault_level_3,风扇端_滚动体,fault_level_2,属于
风扇端_滚动体_深度14_载荷0,fault_level_4,风扇端_滚动体_深度14,fault_level_3,属于
风扇端_滚动体_深度14_载荷0_点钟3,fault_level_5,风扇端_滚动体_深度14_载荷0,fault_level_4,属于
风扇端_滚动体_深度14_载荷0_点钟6,fault_level_5,风扇端_滚动体_深度14_载荷0,fault_level_4,属于
风扇端_滚动体_深度14_载荷0_点钟12,fault_level_5,风扇端_滚动体_深度14_载荷0,fault_level_4,属于
风扇端_滚动体_深度14_载荷1,fault_level_4,风扇端_滚动体_深度14,fault_level_3,属于
风扇端_滚动体_深度14_载荷1_点钟3,fault_level_5,风扇端_滚动体_深度14_载荷1,fault_level_4,属于
风扇端_滚动体_深度14_载荷1_点钟6,fault_level_5,风扇端_滚动体_深度14_载荷1,fault_level_4,属于
风扇端_滚动体_深度14_载荷1_点钟12,fault_level_5,风扇端_滚动体_深度14_载荷1,fault_level_4,属于
风扇端_滚动体_深度14_载荷2,fault_level_4,风扇端_滚动体_深度14,fault_level_3,属于
风扇端_滚动体_深度14_载荷2_点钟3,fault_level_5,风扇端_滚动体_深度14_载荷2,fault_level_4,属于
风扇端_滚动体_深度14_载荷2_点钟6,fault_level_5,风扇端_滚动体_深度14_载荷2,fault_level_4,属于
风扇端_滚动体_深度14_载荷2_点钟12,fault_level_5,风扇端_滚动体_深度14_载荷2,fault_level_4,属于
风扇端_滚动体_深度14_载荷3,fault_level_4,风扇端_滚动体_深度14,fault_level_3,属于
风扇端_滚动体_深度14_载荷3_点钟3,fault_level_5,风扇端_滚动体_深度14_载荷3,fault_level_4,属于
风扇端_滚动体_深度14_载荷3_点钟6,fault_level_5,风扇端_滚动体_深度14_载荷3,fault_level_4,属于
风扇端_滚动体_深度14_载荷3_点钟12,fault_level_5,风扇端_滚动体_深度14_载荷3,fault_level_4,属于
风扇端_滚动体_深度21,fault_level_3,风扇端_滚动体,fault_level_2,属于
风扇端_滚动体_深度21_载荷0,fault_level_4,风扇端_滚动体_深度21,fault_level_3,属于
风扇端_滚动体_深度21_载荷0_点钟3,fault_level_5,风扇端_滚动体_深度21_载荷0,fault_level_4,属于
风扇端_滚动体_深度21_载荷0_点钟6,fault_level_5,风扇端_滚动体_深度21_载荷0,fault_level_4,属于
风扇端_滚动体_深度21_载荷0_点钟12,fault_level_5,风扇端_滚动体_深度21_载荷0,fault_level_4,属于
风扇端_滚动体_深度21_载荷1,fault_level_4,风扇端_滚动体_深度21,fault_level_3,属于
风扇端_滚动体_深度21_载荷1_点钟3,fault_level_5,风扇端_滚动体_深度21_载荷1,fault_level_4,属于
风扇端_滚动体_深度21_载荷1_点钟6,fault_level_5,风扇端_滚动体_深度21_载荷1,fault_level_4,属于
风扇端_滚动体_深度21_载荷1_点钟12,fault_level_5,风扇端_滚动体_深度21_载荷1,fault_level_4,属于
风扇端_滚动体_深度21_载荷2,fault_level_4,风扇端_滚动体_深度21,fault_level_3,属于
风扇端_滚动体_深度21_载荷2_点钟3,fault_level_5,风扇端_滚动体_深度21_载荷2,fault_level_4,属于
风扇端_滚动体_深度21_载荷2_点钟6,fault_level_5,风扇端_滚动体_深度21_载荷2,fault_level_4,属于
风扇端_滚动体_深度21_载荷2_点钟12,fault_level_5,风扇端_滚动体_深度21_载荷2,fault_level_4,属于
风扇端_滚动体_深度21_载荷3,fault_level_4,风扇端_滚动体_深度21,fault_level_3,属于
风扇端_滚动体_深度21_载荷3_点钟3,fault_level_5,风扇端_滚动体_深度21_载荷3,fault_level_4,属于
风扇端_滚动体_深度21_载荷3_点钟6,fault_level_5,风扇端_滚动体_深度21_载荷3,fault_level_4,属于
风扇端_滚动体_深度21_载荷3_点钟12,fault_level_5,风扇端_滚动体_深度21_载荷3,fault_level_4,属于
风扇端_内圈,fault_level_2,风扇端,fault_level_1,属于
风扇端_内圈_深度7,fault_level_3,风扇端_内圈,fault_level_2,属于
风扇端_内圈_深度7_载荷0,fault_level_4,风扇端_内圈_深度7,fault_level_3,属于
风扇端_内圈_深度7_载荷0_点钟3,fault_level_5,风扇端_内圈_深度7_载荷0,fault_level_4,属于
风扇端_内圈_深度7_载荷0_点钟6,fault_level_5,风扇端_内圈_深度7_载荷0,fault_level_4,属于
风扇端_内圈_深度7_载荷0_点钟12,fault_level_5,风扇端_内圈_深度7_载荷0,fault_level_4,属于
风扇端_内圈_深度7_载荷1,fault_level_4,风扇端_内圈_深度7,fault_level_3,属于
风扇端_内圈_深度7_载荷1_点钟3,fault_level_5,风扇端_内圈_深度7_载荷1,fault_level_4,属于
风扇端_内圈_深度7_载荷1_点钟6,fault_level_5,风扇端_内圈_深度7_载荷1,fault_level_4,属于
风扇端_内圈_深度7_载荷1_点钟12,fault_level_5,风扇端_内圈_深度7_载荷1,fault_level_4,属于
风扇端_内圈_深度7_载荷2,fault_level_4,风扇端_内圈_深度7,fault_level_3,属于
风扇端_内圈_深度7_载荷2_点钟3,fault_level_5,风扇端_内圈_深度7_载荷2,fault_level_4,属于
风扇端_内圈_深度7_载荷2_点钟6,fault_level_5,风扇端_内圈_深度7_载荷2,fault_level_4,属于
风扇端_内圈_深度7_载荷2_点钟12,fault_level_5,风扇端_内圈_深度7_载荷2,fault_level_4,属于
风扇端_内圈_深度7_载荷3,fault_level_4,风扇端_内圈_深度7,fault_level_3,属于
风扇端_内圈_深度7_载荷3_点钟3,fault_level_5,风扇端_内圈_深度7_载荷3,fault_level_4,属于
风扇端_内圈_深度7_载荷3_点钟6,fault_level_5,风扇端_内圈_深度7_载荷3,fault_level_4,属于
风扇端_内圈_深度7_载荷3_点钟12,fault_level_5,风扇端_内圈_深度7_载荷3,fault_level_4,属于
风扇端_内圈_深度14,fault_level_3,风扇端_内圈,fault_level_2,属于
风扇端_内圈_深度14_载荷0,fault_level_4,风扇端_内圈_深度14,fault_level_3,属于
风扇端_内圈_深度14_载荷0_点钟3,fault_level_5,风扇端_内圈_深度14_载荷0,fault_level_4,属于
风扇端_内圈_深度14_载荷0_点钟6,fault_level_5,风扇端_内圈_深度14_载荷0,fault_level_4,属于
风扇端_内圈_深度14_载荷0_点钟12,fault_level_5,风扇端_内圈_深度14_载荷0,fault_level_4,属于
风扇端_内圈_深度14_载荷1,fault_level_4,风扇端_内圈_深度14,fault_level_3,属于
风扇端_内圈_深度14_载荷1_点钟3,fault_level_5,风扇端_内圈_深度14_载荷1,fault_level_4,属于
风扇端_内圈_深度14_载荷1_点钟6,fault_level_5,风扇端_内圈_深度14_载荷1,fault_level_4,属于
风扇端_内圈_深度14_载荷1_点钟12,fault_level_5,风扇端_内圈_深度14_载荷1,fault_level_4,属于
风扇端_内圈_深度14_载荷2,fault_level_4,风扇端_内圈_深度14,fault_level_3,属于
风扇端_内圈_深度14_载荷2_点钟3,fault_level_5,风扇端_内圈_深度14_载荷2,fault_level_4,属于
风扇端_内圈_深度14_载荷2_点钟6,fault_level_5,风扇端_内圈_深度14_载荷2,fault_level_4,属于
风扇端_内圈_深度14_载荷2_点钟12,fault_level_5,风扇端_内圈_深度14_载荷2,fault_level_4,属于
风扇端_内圈_深度14_载荷3,fault_level_4,风扇端_内圈_深度14,fault_level_3,属于
风扇端_内圈_深度14_载荷3_点钟3,fault_level_5,风扇端_内圈_深度14_载荷3,fault_level_4,属于
风扇端_内圈_深度14_载荷3_点钟6,fault_level_5,风扇端_内圈_深度14_载荷3,fault_level_4,属于
风扇端_内圈_深度14_载荷3_点钟12,fault_level_5,风扇端_内圈_深度14_载荷3,fault_level_4,属于
风扇端_内圈_深度21,fault_level_3,风扇端_内圈,fault_level_2,属于
风扇端_内圈_深度21_载荷0,fault_level_4,风扇端_内圈_深度21,fault_level_3,属于
风扇端_内圈_深度21_载荷0_点钟3,fault_level_5,风扇端_内圈_深度21_载荷0,fault_level_4,属于
风扇端_内圈_深度21_载荷0_点钟6,fault_level_5,风扇端_内圈_深度21_载荷0,fault_level_4,属于
风扇端_内圈_深度21_载荷0_点钟12,fault_level_5,风扇端_内圈_深度21_载荷0,fault_level_4,属于
风扇端_内圈_深度21_载荷1,fault_level_4,风扇端_内圈_深度21,fault_level_3,属于
风扇端_内圈_深度21_载荷1_点钟3,fault_level_5,风扇端_内圈_深度21_载荷1,fault_level_4,属于
风扇端_内圈_深度21_载荷1_点钟6,fault_level_5,风扇端_内圈_深度21_载荷1,fault_level_4,属于
风扇端_内圈_深度21_载荷1_点钟12,fault_level_5,风扇端_内圈_深度21_载荷1,fault_level_4,属于
风扇端_内圈_深度21_载荷2,fault_level_4,风扇端_内圈_深度21,fault_level_3,属于
风扇端_内圈_深度21_载荷2_点钟3,fault_level_5,风扇端_内圈_深度21_载荷2,fault_level_4,属于
风扇端_内圈_深度21_载荷2_点钟6,fault_level_5,风扇端_内圈_深度21_载荷2,fault_level_4,属于
风扇端_内圈_深度21_载荷2_点钟12,fault_level_5,风扇端_内圈_深度21_载荷2,fault_level_4,属于
风扇端_内圈_深度21_载荷3,fault_level_4,风扇端_内圈_深度21,fault_level_3,属于
风扇端_内圈_深度21_载荷3_点钟3,fault_level_5,风扇端_内圈_深度21_载荷3,fault_level_4,属于
风扇端_内圈_深度21_载荷3_点钟6,fault_level_5,风扇端_内圈_深度21_载荷3,fault_level_4,属于
风扇端_内圈_深度21_载荷3_点钟12,fault_level_5,风扇端_内圈_深度21_载荷3,fault_level_4,属于
风扇端_外圈,fault_level_2,风扇端,fault_level_1,属于
风扇端_外圈_深度7,fault_level_3,风扇端_外圈,fault_level_2,属于
风扇端_外圈_深度7_载荷0,fault_level_4,风扇端_外圈_深度7,fault_level_3,属于
风扇端_外圈_深度7_载荷0_点钟3,fault_level_5,风扇端_外圈_深度7_载荷0,fault_level_4,属于
风扇端_外圈_深度7_载荷0_点钟6,fault_level_5,风扇端_外圈_深度7_载荷0,fault_level_4,属于
风扇端_外圈_深度7_载荷0_点钟12,fault_level_5,风扇端_外圈_深度7_载荷0,fault_level_4,属于
风扇端_外圈_深度7_载荷1,fault_level_4,风扇端_外圈_深度7,fault_level_3,属于
风扇端_外圈_深度7_载荷1_点钟3,fault_level_5,风扇端_外圈_深度7_载荷1,fault_level_4,属于
风扇端_外圈_深度7_载荷1_点钟6,fault_level_5,风扇端_外圈_深度7_载荷1,fault_level_4,属于
风扇端_外圈_深度7_载荷1_点钟12,fault_level_5,风扇端_外圈_深度7_载荷1,fault_level_4,属于
风扇端_外圈_深度7_载荷2,fault_level_4,风扇端_外圈_深度7,fault_level_3,属于
风扇端_外圈_深度7_载荷2_点钟3,fault_level_5,风扇端_外圈_深度7_载荷2,fault_level_4,属于
风扇端_外圈_深度7_载荷2_点钟6,fault_level_5,风扇端_外圈_深度7_载荷2,fault_level_4,属于
风扇端_外圈_深度7_载荷2_点钟12,fault_level_5,风扇端_外圈_深度7_载荷2,fault_level_4,属于
风扇端_外圈_深度7_载荷3,fault_level_4,风扇端_外圈_深度7,fault_level_3,属于
风扇端_外圈_深度7_载荷3_点钟3,fault_level_5,风扇端_外圈_深度7_载荷3,fault_level_4,属于
风扇端_外圈_深度7_载荷3_点钟6,fault_level_5,风扇端_外圈_深度7_载荷3,fault_level_4,属于
风扇端_外圈_深度7_载荷3_点钟12,fault_level_5,风扇端_外圈_深度7_载荷3,fault_level_4,属于
风扇端_外圈_深度14,fault_level_3,风扇端_外圈,fault_level_2,属于
风扇端_外圈_深度14_载荷0,fault_level_4,风扇端_外圈_深度14,fault_level_3,属于
风扇端_外圈_深度14_载荷0_点钟3,fault_level_5,风扇端_外圈_深度14_载荷0,fault_level_4,属于
风扇端_外圈_深度14_载荷0_点钟6,fault_level_5,风扇端_外圈_深度14_载荷0,fault_level_4,属于
风扇端_外圈_深度14_载荷0_点钟12,fault_level_5,风扇端_外圈_深度14_载荷0,fault_level_4,属于
风扇端_外圈_深度14_载荷1,fault_level_4,风扇端_外圈_深度14,fault_level_3,属于
风扇端_外圈_深度14_载荷1_点钟3,fault_level_5,风扇端_外圈_深度14_载荷1,fault_level_4,属于
风扇端_外圈_深度14_载荷1_点钟6,fault_level_5,风扇端_外圈_深度14_载荷1,fault_level_4,属于
风扇端_外圈_深度14_载荷1_点钟12,fault_level_5,风扇端_外圈_深度14_载荷1,fault_level_4,属于
风扇端_外圈_深度14_载荷2,fault_level_4,风扇端_外圈_深度14,fault_level_3,属于
风扇端_外圈_深度14_载荷2_点钟3,fault_level_5,风扇端_外圈_深度14_载荷2,fault_level_4,属于
风扇端_外圈_深度14_载荷2_点钟6,fault_level_5,风扇端_外圈_深度14_载荷2,fault_level_4,属于
风扇端_外圈_深度14_载荷2_点钟12,fault_level_5,风扇端_外圈_深度14_载荷2,fault_level_4,属于
风扇端_外圈_深度14_载荷3,fault_level_4,风扇端_外圈_深度14,fault_level_3,属于
风扇端_外圈_深度14_载荷3_点钟3,fault_level_5,风扇端_外圈_深度14_载荷3,fault_level_4,属于
风扇端_外圈_深度14_载荷3_点钟6,fault_level_5,风扇端_外圈_深度14_载荷3,fault_level_4,属于
风扇端_外圈_深度14_载荷3_点钟12,fault_level_5,风扇端_外圈_深度14_载荷3,fault_level_4,属于
风扇端_外圈_深度21,fault_level_3,风扇端_外圈,fault_level_2,属于
风扇端_外圈_深度21_载荷0,fault_level_4,风扇端_外圈_深度21,fault_level_3,属于
风扇端_外圈_深度21_载荷0_点钟3,fault_level_5,风扇端_外圈_深度21_载荷0,fault_level_4,属于
风扇端_外圈_深度21_载荷0_点钟6,fault_level_5,风扇端_外圈_深度21_载荷0,fault_level_4,属于
风扇端_外圈_深度21_载荷0_点钟12,fault_level_5,风扇端_外圈_深度21_载荷0,fault_level_4,属于
风扇端_外圈_深度21_载荷1,fault_level_4,风扇端_外圈_深度21,fault_level_3,属于
风扇端_外圈_深度21_载荷1_点钟3,fault_level_5,风扇端_外圈_深度21_载荷1,fault_level_4,属于
风扇端_外圈_深度21_载荷1_点钟6,fault_level_5,风扇端_外圈_深度21_载荷1,fault_level_4,属于
风扇端_外圈_深度21_载荷1_点钟12,fault_level_5,风扇端_外圈_深度21_载荷1,fault_level_4,属于
风扇端_外圈_深度21_载荷2,fault_level_4,风扇端_外圈_深度21,fault_level_3,属于
风扇端_外圈_深度21_载荷2_点钟3,fault_level_5,风扇端_外圈_深度21_载荷2,fault_level_4,属于
风扇端_外圈_深度21_载荷2_点钟6,fault_level_5,风扇端_外圈_深度21_载荷2,fault_level_4,属于
风扇端_外圈_深度21_载荷2_点钟12,fault_level_5,风扇端_外圈_深度21_载荷2,fault_level_4,属于
风扇端_外圈_深度21_载荷3,fault_level_4,风扇端_外圈_深度21,fault_level_3,属于
风扇端_外圈_深度21_载荷3_点钟3,fault_level_5,风扇端_外圈_深度21_载荷3,fault_level_4,属于
风扇端_外圈_深度21_载荷3_点钟6,fault_level_5,风扇端_外圈_深度21_载荷3,fault_level_4,属于
风扇端_外圈_深度21_载荷3_点钟12,fault_level_5,风扇端_外圈_深度21_载荷3,fault_level_4,属于
驱动端,fault_level_1,FAULT,fault_level_1,属于
驱动端_滚动体,fault_level_2,驱动端,fault_level_1,属于
驱动端_滚动体_深度7,fault_level_3,驱动端_滚动体,fault_level_2,属于
驱动端_滚动体_深度7_载荷0,fault_level_4,驱动端_滚动体_深度7,fault_level_3,属于
驱动端_滚动体_深度7_载荷0_点钟3,fault_level_5,驱动端_滚动体_深度7_载荷0,fault_level_4,属于
驱动端_滚动体_深度7_载荷0_点钟6,fault_level_5,驱动端_滚动体_深度7_载荷0,fault_level_4,属于
驱动端_滚动体_深度7_载荷0_点钟12,fault_level_5,驱动端_滚动体_深度7_载荷0,fault_level_4,属于
驱动端_滚动体_深度7_载荷1,fault_level_4,驱动端_滚动体_深度7,fault_level_3,属于
驱动端_滚动体_深度7_载荷1_点钟3,fault_level_5,驱动端_滚动体_深度7_载荷1,fault_level_4,属于
驱动端_滚动体_深度7_载荷1_点钟6,fault_level_5,驱动端_滚动体_深度7_载荷1,fault_level_4,属于
驱动端_滚动体_深度7_载荷1_点钟12,fault_level_5,驱动端_滚动体_深度7_载荷1,fault_level_4,属于
驱动端_滚动体_深度7_载荷2,fault_level_4,驱动端_滚动体_深度7,fault_level_3,属于
驱动端_滚动体_深度7_载荷2_点钟3,fault_level_5,驱动端_滚动体_深度7_载荷2,fault_level_4,属于
驱动端_滚动体_深度7_载荷2_点钟6,fault_level_5,驱动端_滚动体_深度7_载荷2,fault_level_4,属于
驱动端_滚动体_深度7_载荷2_点钟12,fault_level_5,驱动端_滚动体_深度7_载荷2,fault_level_4,属于
驱动端_滚动体_深度7_载荷3,fault_level_4,驱动端_滚动体_深度7,fault_level_3,属于
驱动端_滚动体_深度7_载荷3_点钟3,fault_level_5,驱动端_滚动体_深度7_载荷3,fault_level_4,属于
驱动端_滚动体_深度7_载荷3_点钟6,fault_level_5,驱动端_滚动体_深度7_载荷3,fault_level_4,属于
驱动端_滚动体_深度7_载荷3_点钟12,fault_level_5,驱动端_滚动体_深度7_载荷3,fault_level_4,属于
驱动端_滚动体_深度14,fault_level_3,驱动端_滚动体,fault_level_2,属于
驱动端_滚动体_深度14_载荷0,fault_level_4,驱动端_滚动体_深度14,fault_level_3,属于
驱动端_滚动体_深度14_载荷0_点钟3,fault_level_5,驱动端_滚动体_深度14_载荷0,fault_level_4,属于
驱动端_滚动体_深度14_载荷0_点钟6,fault_level_5,驱动端_滚动体_深度14_载荷0,fault_level_4,属于
驱动端_滚动体_深度14_载荷0_点钟12,fault_level_5,驱动端_滚动体_深度14_载荷0,fault_level_4,属于
驱动端_滚动体_深度14_载荷1,fault_level_4,驱动端_滚动体_深度14,fault_level_3,属于
驱动端_滚动体_深度14_载荷1_点钟3,fault_level_5,驱动端_滚动体_深度14_载荷1,fault_level_4,属于
驱动端_滚动体_深度14_载荷1_点钟6,fault_level_5,驱动端_滚动体_深度14_载荷1,fault_level_4,属于
驱动端_滚动体_深度14_载荷1_点钟12,fault_level_5,驱动端_滚动体_深度14_载荷1,fault_level_4,属于
驱动端_滚动体_深度14_载荷2,fault_level_4,驱动端_滚动体_深度14,fault_level_3,属于
驱动端_滚动体_深度14_载荷2_点钟3,fault_level_5,驱动端_滚动体_深度14_载荷2,fault_level_4,属于
驱动端_滚动体_深度14_载荷2_点钟6,fault_level_5,驱动端_滚动体_深度14_载荷2,fault_level_4,属于
驱动端_滚动体_深度14_载荷2_点钟12,fault_level_5,驱动端_滚动体_深度14_载荷2,fault_level_4,属于
驱动端_滚动体_深度14_载荷3,fault_level_4,驱动端_滚动体_深度14,fault_level_3,属于
驱动端_滚动体_深度14_载荷3_点钟3,fault_level_5,驱动端_滚动体_深度14_载荷3,fault_level_4,属于
驱动端_滚动体_深度14_载荷3_点钟6,fault_level_5,驱动端_滚动体_深度14_载荷3,fault_level_4,属于
驱动端_滚动体_深度14_载荷3_点钟12,fault_level_5,驱动端_滚动体_深度14_载荷3,fault_level_4,属于
驱动端_滚动体_深度21,fault_level_3,驱动端_滚动体,fault_level_2,属于
驱动端_滚动体_深度21_载荷0,fault_level_4,驱动端_滚动体_深度21,fault_level_3,属于
驱动端_滚动体_深度21_载荷0_点钟3,fault_level_5,驱动端_滚动体_深度21_载荷0,fault_level_4,属于
驱动端_滚动体_深度21_载荷0_点钟6,fault_level_5,驱动端_滚动体_深度21_载荷0,fault_level_4,属于
驱动端_滚动体_深度21_载荷0_点钟12,fault_level_5,驱动端_滚动体_深度21_载荷0,fault_level_4,属于
驱动端_滚动体_深度21_载荷1,fault_level_4,驱动端_滚动体_深度21,fault_level_3,属于
驱动端_滚动体_深度21_载荷1_点钟3,fault_level_5,驱动端_滚动体_深度21_载荷1,fault_level_4,属于
驱动端_滚动体_深度21_载荷1_点钟6,fault_level_5,驱动端_滚动体_深度21_载荷1,fault_level_4,属于
驱动端_滚动体_深度21_载荷1_点钟12,fault_level_5,驱动端_滚动体_深度21_载荷1,fault_level_4,属于
驱动端_滚动体_深度21_载荷2,fault_level_4,驱动端_滚动体_深度21,fault_level_3,属于
驱动端_滚动体_深度21_载荷2_点钟3,fault_level_5,驱动端_滚动体_深度21_载荷2,fault_level_4,属于
驱动端_滚动体_深度21_载荷2_点钟6,fault_level_5,驱动端_滚动体_深度21_载荷2,fault_level_4,属于
驱动端_滚动体_深度21_载荷2_点钟12,fault_level_5,驱动端_滚动体_深度21_载荷2,fault_level_4,属于
驱动端_滚动体_深度21_载荷3,fault_level_4,驱动端_滚动体_深度21,fault_level_3,属于
驱动端_滚动体_深度21_载荷3_点钟3,fault_level_5,驱动端_滚动体_深度21_载荷3,fault_level_4,属于
驱动端_滚动体_深度21_载荷3_点钟6,fault_level_5,驱动端_滚动体_深度21_载荷3,fault_level_4,属于
驱动端_滚动体_深度21_载荷3_点钟12,fault_level_5,驱动端_滚动体_深度21_载荷3,fault_level_4,属于
驱动端_内圈,fault_level_2,驱动端,fault_level_1,属于
驱动端_内圈_深度7,fault_level_3,驱动端_内圈,fault_level_2,属于
驱动端_内圈_深度7_载荷0,fault_level_4,驱动端_内圈_深度7,fault_level_3,属于
驱动端_内圈_深度7_载荷0_点钟3,fault_level_5,驱动端_内圈_深度7_载荷0,fault_level_4,属于
驱动端_内圈_深度7_载荷0_点钟6,fault_level_5,驱动端_内圈_深度7_载荷0,fault_level_4,属于
驱动端_内圈_深度7_载荷0_点钟12,fault_level_5,驱动端_内圈_深度7_载荷0,fault_level_4,属于
驱动端_内圈_深度7_载荷1,fault_level_4,驱动端_内圈_深度7,fault_level_3,属于
驱动端_内圈_深度7_载荷1_点钟3,fault_level_5,驱动端_内圈_深度7_载荷1,fault_level_4,属于
驱动端_内圈_深度7_载荷1_点钟6,fault_level_5,驱动端_内圈_深度7_载荷1,fault_level_4,属于
驱动端_内圈_深度7_载荷1_点钟12,fault_level_5,驱动端_内圈_深度7_载荷1,fault_level_4,属于
驱动端_内圈_深度7_载荷2,fault_level_4,驱动端_内圈_深度7,fault_level_3,属于
驱动端_内圈_深度7_载荷2_点钟3,fault_level_5,驱动端_内圈_深度7_载荷2,fault_level_4,属于
驱动端_内圈_深度7_载荷2_点钟6,fault_level_5,驱动端_内圈_深度7_载荷2,fault_level_4,属于
驱动端_内圈_深度7_载荷2_点钟12,fault_level_5,驱动端_内圈_深度7_载荷2,fault_level_4,属于
驱动端_内圈_深度7_载荷3,fault_level_4,驱动端_内圈_深度7,fault_level_3,属于
驱动端_内圈_深度7_载荷3_点钟3,fault_level_5,驱动端_内圈_深度7_载荷3,fault_level_4,属于
驱动端_内圈_深度7_载荷3_点钟6,fault_level_5,驱动端_内圈_深度7_载荷3,fault_level_4,属于
驱动端_内圈_深度7_载荷3_点钟12,fault_level_5,驱动端_内圈_深度7_载荷3,fault_level_4,属于
驱动端_内圈_深度14,fault_level_3,驱动端_内圈,fault_level_2,属于
驱动端_内圈_深度14_载荷0,fault_level_4,驱动端_内圈_深度14,fault_level_3,属于
驱动端_内圈_深度14_载荷0_点钟3,fault_level_5,驱动端_内圈_深度14_载荷0,fault_level_4,属于
驱动端_内圈_深度14_载荷0_点钟6,fault_level_5,驱动端_内圈_深度14_载荷0,fault_level_4,属于
驱动端_内圈_深度14_载荷0_点钟12,fault_level_5,驱动端_内圈_深度14_载荷0,fault_level_4,属于
驱动端_内圈_深度14_载荷1,fault_level_4,驱动端_内圈_深度14,fault_level_3,属于
驱动端_内圈_深度14_载荷1_点钟3,fault_level_5,驱动端_内圈_深度14_载荷1,fault_level_4,属于
驱动端_内圈_深度14_载荷1_点钟6,fault_level_5,驱动端_内圈_深度14_载荷1,fault_level_4,属于
驱动端_内圈_深度14_载荷1_点钟12,fault_level_5,驱动端_内圈_深度14_载荷1,fault_level_4,属于
驱动端_内圈_深度14_载荷2,fault_level_4,驱动端_内圈_深度14,fault_level_3,属于
驱动端_内圈_深度14_载荷2_点钟3,fault_level_5,驱动端_内圈_深度14_载荷2,fault_level_4,属于
驱动端_内圈_深度14_载荷2_点钟6,fault_level_5,驱动端_内圈_深度14_载荷2,fault_level_4,属于
驱动端_内圈_深度14_载荷2_点钟12,fault_level_5,驱动端_内圈_深度14_载荷2,fault_level_4,属于
驱动端_内圈_深度14_载荷3,fault_level_4,驱动端_内圈_深度14,fault_level_3,属于
驱动端_内圈_深度14_载荷3_点钟3,fault_level_5,驱动端_内圈_深度14_载荷3,fault_level_4,属于
驱动端_内圈_深度14_载荷3_点钟6,fault_level_5,驱动端_内圈_深度14_载荷3,fault_level_4,属于
驱动端_内圈_深度14_载荷3_点钟12,fault_level_5,驱动端_内圈_深度14_载荷3,fault_level_4,属于
驱动端_内圈_深度21,fault_level_3,驱动端_内圈,fault_level_2,属于
驱动端_内圈_深度21_载荷0,fault_level_4,驱动端_内圈_深度21,fault_level_3,属于
驱动端_内圈_深度21_载荷0_点钟3,fault_level_5,驱动端_内圈_深度21_载荷0,fault_level_4,属于
驱动端_内圈_深度21_载荷0_点钟6,fault_level_5,驱动端_内圈_深度21_载荷0,fault_level_4,属于
驱动端_内圈_深度21_载荷0_点钟12,fault_level_5,驱动端_内圈_深度21_载荷0,fault_level_4,属于
驱动端_内圈_深度21_载荷1,fault_level_4,驱动端_内圈_深度21,fault_level_3,属于
驱动端_内圈_深度21_载荷1_点钟3,fault_level_5,驱动端_内圈_深度21_载荷1,fault_level_4,属于
驱动端_内圈_深度21_载荷1_点钟6,fault_level_5,驱动端_内圈_深度21_载荷1,fault_level_4,属于
驱动端_内圈_深度21_载荷1_点钟12,fault_level_5,驱动端_内圈_深度21_载荷1,fault_level_4,属于
驱动端_内圈_深度21_载荷2,fault_level_4,驱动端_内圈_深度21,fault_level_3,属于
驱动端_内圈_深度21_载荷2_点钟3,fault_level_5,驱动端_内圈_深度21_载荷2,fault_level_4,属于
驱动端_内圈_深度21_载荷2_点钟6,fault_level_5,驱动端_内圈_深度21_载荷2,fault_level_4,属于
驱动端_内圈_深度21_载荷2_点钟12,fault_level_5,驱动端_内圈_深度21_载荷2,fault_level_4,属于
驱动端_内圈_深度21_载荷3,fault_level_4,驱动端_内圈_深度21,fault_level_3,属于
驱动端_内圈_深度21_载荷3_点钟3,fault_level_5,驱动端_内圈_深度21_载荷3,fault_level_4,属于
驱动端_内圈_深度21_载荷3_点钟6,fault_level_5,驱动端_内圈_深度21_载荷3,fault_level_4,属于
驱动端_内圈_深度21_载荷3_点钟12,fault_level_5,驱动端_内圈_深度21_载荷3,fault_level_4,属于
驱动端_外圈,fault_level_2,驱动端,fault_level_1,属于
驱动端_外圈_深度7,fault_level_3,驱动端_外圈,fault_level_2,属于
驱动端_外圈_深度7_载荷0,fault_level_4,驱动端_外圈_深度7,fault_level_3,属于
驱动端_外圈_深度7_载荷0_点钟3,fault_level_5,驱动端_外圈_深度7_载荷0,fault_level_4,属于
驱动端_外圈_深度7_载荷0_点钟6,fault_level_5,驱动端_外圈_深度7_载荷0,fault_level_4,属于
驱动端_外圈_深度7_载荷0_点钟12,fault_level_5,驱动端_外圈_深度7_载荷0,fault_level_4,属于
驱动端_外圈_深度7_载荷1,fault_level_4,驱动端_外圈_深度7,fault_level_3,属于
驱动端_外圈_深度7_载荷1_点钟3,fault_level_5,驱动端_外圈_深度7_载荷1,fault_level_4,属于
驱动端_外圈_深度7_载荷1_点钟6,fault_level_5,驱动端_外圈_深度7_载荷1,fault_level_4,属于
驱动端_外圈_深度7_载荷1_点钟12,fault_level_5,驱动端_外圈_深度7_载荷1,fault_level_4,属于
驱动端_外圈_深度7_载荷2,fault_level_4,驱动端_外圈_深度7,fault_level_3,属于
驱动端_外圈_深度7_载荷2_点钟3,fault_level_5,驱动端_外圈_深度7_载荷2,fault_level_4,属于
驱动端_外圈_深度7_载荷2_点钟6,fault_level_5,驱动端_外圈_深度7_载荷2,fault_level_4,属于
驱动端_外圈_深度7_载荷2_点钟12,fault_level_5,驱动端_外圈_深度7_载荷2,fault_level_4,属于
驱动端_外圈_深度7_载荷3,fault_level_4,驱动端_外圈_深度7,fault_level_3,属于
驱动端_外圈_深度7_载荷3_点钟3,fault_level_5,驱动端_外圈_深度7_载荷3,fault_level_4,属于
驱动端_外圈_深度7_载荷3_点钟6,fault_level_5,驱动端_外圈_深度7_载荷3,fault_level_4,属于
驱动端_外圈_深度7_载荷3_点钟12,fault_level_5,驱动端_外圈_深度7_载荷3,fault_level_4,属于
驱动端_外圈_深度14,fault_level_3,驱动端_外圈,fault_level_2,属于
驱动端_外圈_深度14_载荷0,fault_level_4,驱动端_外圈_深度14,fault_level_3,属于
驱动端_外圈_深度14_载荷0_点钟3,fault_level_5,驱动端_外圈_深度14_载荷0,fault_level_4,属于
驱动端_外圈_深度14_载荷0_点钟6,fault_level_5,驱动端_外圈_深度14_载荷0,fault_level_4,属于
驱动端_外圈_深度14_载荷0_点钟12,fault_level_5,驱动端_外圈_深度14_载荷0,fault_level_4,属于
驱动端_外圈_深度14_载荷1,fault_level_4,驱动端_外圈_深度14,fault_level_3,属于
驱动端_外圈_深度14_载荷1_点钟3,fault_level_5,驱动端_外圈_深度14_载荷1,fault_level_4,属于
驱动端_外圈_深度14_载荷1_点钟6,fault_level_5,驱动端_外圈_深度14_载荷1,fault_level_4,属于
驱动端_外圈_深度14_载荷1_点钟12,fault_level_5,驱动端_外圈_深度14_载荷1,fault_level_4,属于
驱动端_外圈_深度14_载荷2,fault_level_4,驱动端_外圈_深度14,fault_level_3,属于
驱动端_外圈_深度14_载荷2_点钟3,fault_level_5,驱动端_外圈_深度14_载荷2,fault_level_4,属于
驱动端_外圈_深度14_载荷2_点钟6,fault_level_5,驱动端_外圈_深度14_载荷2,fault_level_4,属于
驱动端_外圈_深度14_载荷2_点钟12,fault_level_5,驱动端_外圈_深度14_载荷2,fault_level_4,属于
驱动端_外圈_深度14_载荷3,fault_level_4,驱动端_外圈_深度14,fault_level_3,属于
驱动端_外圈_深度14_载荷3_点钟3,fault_level_5,驱动端_外圈_深度14_载荷3,fault_level_4,属于
驱动端_外圈_深度14_载荷3_点钟6,fault_level_5,驱动端_外圈_深度14_载荷3,fault_level_4,属于
驱动端_外圈_深度14_载荷3_点钟12,fault_level_5,驱动端_外圈_深度14_载荷3,fault_level_4,属于
驱动端_外圈_深度21,fault_level_3,驱动端_外圈,fault_level_2,属于
驱动端_外圈_深度21_载荷0,fault_level_4,驱动端_外圈_深度21,fault_level_3,属于
驱动端_外圈_深度21_载荷0_点钟3,fault_level_5,驱动端_外圈_深度21_载荷0,fault_level_4,属于
驱动端_外圈_深度21_载荷0_点钟6,fault_level_5,驱动端_外圈_深度21_载荷0,fault_level_4,属于
驱动端_外圈_深度21_载荷0_点钟12,fault_level_5,驱动端_外圈_深度21_载荷0,fault_level_4,属于
驱动端_外圈_深度21_载荷1,fault_level_4,驱动端_外圈_深度21,fault_level_3,属于
驱动端_外圈_深度21_载荷1_点钟3,fault_level_5,驱动端_外圈_深度21_载荷1,fault_level_4,属于
驱动端_外圈_深度21_载荷1_点钟6,fault_level_5,驱动端_外圈_深度21_载荷1,fault_level_4,属于
驱动端_外圈_深度21_载荷1_点钟12,fault_level_5,驱动端_外圈_深度21_载荷1,fault_level_4,属于
驱动端_外圈_深度21_载荷2,fault_level_4,驱动端_外圈_深度21,fault_level_3,属于
驱动端_外圈_深度21_载荷2_点钟3,fault_level_5,驱动端_外圈_深度21_载荷2,fault_level_4,属于
驱动端_外圈_深度21_载荷2_点钟6,fault_level_5,驱动端_外圈_深度21_载荷2,fault_level_4,属于
驱动端_外圈_深度21_载荷2_点钟12,fault_level_5,驱动端_外圈_深度21_载荷2,fault_level_4,属于
驱动端_外圈_深度21_载荷3,fault_level_4,驱动端_外圈_深度21,fault_level_3,属于
驱动端_外圈_深度21_载荷3_点钟3,fault_level_5,驱动端_外圈_深度21_载荷3,fault_level_4,属于
驱动端_外圈_深度21_载荷3_点钟6,fault_level_5,驱动端_外圈_深度21_载荷3,fault_level_4,属于
驱动端_外圈_深度21_载荷3_点钟12,fault_level_5,驱动端_外圈_深度21_载荷3,fault_level_4,属于
